ID,MIN
1,49.56440742292875
2,2346.1179786300877
3,1450.2728995228629
4,500.01854054949246
5,131.91308894558028
6,1041.1665619083667
7,233.09335325404496
8,15.821921337233698
9,1099.6985179349238
10,1318.1342966095197
11,65.44860035572192
12,2238.3683715275442
13,868.3673889322037
14,739.8260962370344
15,2818.822587511752
16,1813.6369309253769
17,2040.8561942441072
18,187.88159053714992
19,1439.2288757959716
20,743.0113347858578
21,175.0668081732296
22,2621.7000016758666
23,312.52693491092094
24,894.3587101717817
25,972.5445728222552
26,717.2273017075189
27,2415.780642180595
28,664.9147700121838
29,71.47103667855133
30,785.4812873332743
31,26.733349063929623
32,2448.9944408310034
33,1984.3980789919808
34,78.2713396180129
35,1586.8408159199832
36,540.5974343056979
37,48.964607476481916
38,1881.8632564977036
39,501.6985714723519
40,479.6447852235435
41,52.865359539290864
42,2089.024043768482
43,1270.1774205675235
44,155.8898846053685
45,2493.8544146163
46,60.094570161022126
47,52.14201214984854
48,2159.219025271026
49,602.0365788678573
50,305.6723409884117
51,1101.9998648752207
52,730.8612608759232
53,1355.461933435172
54,130.0599739028965
55,2544.3742269581003
56,2662.064732833515
57,2499.2525408101515
58,15.248365558218962
59,2701.496655305777
60,512.2477286263096
61,99.73497038667476
62,1717.7290742022171
63,1074.0186694993663
64,854.888064062218
65,2360.251316894346
66,20.314925543186067
67,1587.2975582815882
68,156.6715988141303
69,2142.881022752892
70,2517.060209658159
71,1440.7861917986784
72,2874.9599779278237
73,931.5630671018088
74,49.48686553313664
75,2845.6676084186815
76,1900.3497315138977
77,33.70000821678607
78,150.17466066337172
79,1573.6101931633837
80,2859.765093613969
81,2497.590749333504
82,847.7062980218548
83,86.75566528159077
84,56.193156680754875
85,996.6753683197977
86,194.9289802551738
87,2407.559544355658
88,296.67237016896996
89,18.60612516353245
90,1402.3801658482778
91,1476.1208472677156
92,2749.8172434657517
93,377.2835947927258
94,122.97208132969098
95,761.2321376435326
96,888.1524548385365
97,2701.4469664054573
98,2183.372060855199
99,2401.909329394695
100,1271.3181077676302
101,2466.7149264073164
102,856.340468653364
103,2506.6155049921485
104,1915.7872865072889
105,590.2701687611875
106,268.244370585765
107,1349.8129085374046
108,40.09323451936674
109,467.8741900057127
110,1135.4451328322348
111,562.3291484138002
112,1132.2111563935887
113,190.93736081515442
114,1098.0352281324438
115,685.2390713896153
116,1835.5326388758867
117,2551.6211273728836
118,2719.9027359134147
119,181.98621174778668
120,1498.6721138432065
121,2038.9622980567854
122,707.417198263045
123,14.45717268839021
124,13.818459470476684
125,374.5334361919702
126,1094.420710410672
127,2204.6076624801995
128,52.81677279658197
129,148.1460499292882
130,2419.9056953458744
131,147.32401801283677
132,132.77335741762698
133,830.9769234843872
134,1164.9777689464345
135,13.811084578283678
136,327.134070484024
137,694.0362376354082
138,1919.8164238496684
139,95.95012335817476
140,269.46434095948445
141,1411.3878048106171
142,72.23914498102566
143,1243.2308568036779
144,1686.4411592346526
145,2890.4407043026245
146,302.20368811657494
147,1897.9567976029746
148,2037.3226529796038
149,1086.453577780936
150,1475.7367568126383
151,1288.4636839754166
152,1540.371099695619
153,639.123132127582
154,175.82768209123233
155,588.2803545358902
156,2883.0689595319004
157,1942.8219390290353
158,1722.8275501567352
159,1546.5884134101286
160,1849.3019476391873
161,1864.7163784855518
162,1455.1461568755833
163,338.5817199450276
164,2113.8900646478537
165,174.277778696464
166,1843.8050900507715
167,145.49833369515295
168,862.7549945495654
169,30.08991647921124
170,1331.8887586609392
171,672.3232235853764
172,101.87213709354569
173,1694.9421708007667
174,2330.310081423535
175,2877.0239843966797
176,2648.71658663465
177,2371.259793488925
178,1268.548856164719
179,1515.5688567122954
180,1975.0018528524088
181,31.62470853806799
182,561.3560901895313
183,932.4689477468359
184,47.07632322998729
185,123.6084139638494
186,138.25187950977624
187,2213.3780816820986
188,110.89645445386647
189,2203.2260175934093
190,667.086793010132
191,2262.86862767336
192,1272.664301337636
193,1162.6588867442156
194,1873.640537607731
195,2584.462097656846
196,242.90789345566887
197,30.081693524779144
198,1164.544972793769
199,679.4661265249501
200,178.45227588749216
201,633.5569985895894
202,2506.9509746382046
203,116.09732564207589
204,2550.3247339802824
205,2444.1943386625917
206,884.1460992505886
207,1220.713539990219
208,1129.1559784859935
209,12.753571780744851
210,1439.1597666465739
211,2877.419724488276
212,2559.5804334878662
213,2274.7707551234184
214,2149.169152811808
215,60.66282548113255
216,2766.0515752879
217,258.593181165405
218,82.44042767416362
219,2898.502433209298
220,665.79911646282
221,257.02783492726843
222,162.11614829760788
223,2602.7243670322964
224,511.26373732635966
225,199.67676822778571
226,408.5784687754203
227,131.0234081671532
228,2518.465403351156
229,1478.2481065145378
230,1278.7356754363586
231,218.96503697353003
232,120.80057161264453
233,2175.3871462550637
234,584.2373040259941
235,312.1364069910968
236,2030.2608433507028
237,263.8989502611282
238,928.0378208560518
239,413.14912423967394
240,1811.855003699042
241,291.2881212149659
242,888.5020734634405
243,1470.7670038446965
244,2788.800566541436
245,1999.477724433381
246,98.69400998316492
247,1861.1418916412895
248,660.8904964020928
249,2816.1871789381657
250,573.1258173789096
251,581.3593597750715
252,1807.7180959890666
253,26.318872071632388
254,267.2802229510983
255,549.6877200880183
256,2811.752658364459
257,1302.832302687013
258,1390.7138470570778
259,2188.4249290904554
260,725.4420226811004
261,503.30534547885196
262,1443.2546030752783
263,26.48270839384865
264,309.8788585192287
265,2818.254448187828
266,2657.518224684267
267,1348.4861012260362
268,2183.8259390523885
269,1148.046603730861
270,2443.4803102421793
271,145.46221896513418
272,39.94191896407832
273,1375.67577429699
274,1653.8218294345131
275,1410.2414904384823
276,1684.2713433673537
277,1058.8372636147215
278,775.0299006683986
279,1006.0362443418007
280,155.41604688891292
281,28.247828842496556
282,1355.0472505796604
283,2534.4206173803964
284,569.7566857357483
285,128.5397791448411
286,33.021141941734264
287,22.694841024120894
288,2433.003061572732
289,17.613235494366418
290,47.020768716069504
291,683.119413857722
292,2705.261807975309
293,1806.47126585834
294,1234.6811716013915
295,2229.703203990941
296,911.559481739114
297,363.0080276114297
298,2384.5689351940287
299,2016.2118210188776
300,676.3714654760673
301,255.5484523473962
302,1269.8815735104554
303,270.7169228651081
304,1016.5685735617241
305,519.7795592972928
306,1481.3088728833175
307,2221.7218791192868
308,2836.1436729263883
309,1034.153532221516
310,14.370370635439619
311,965.2894110487606
312,430.99795303304455
313,1144.887544221884
314,1343.3481956461774
315,310.0928246117091
316,906.9486355790345
317,101.25529125987771
318,1610.3478276614871
319,44.952805203568936
320,1371.7628195737814
321,2685.7480201824733
322,831.7225491953899
323,2359.1596087597027
324,1120.6601984890083
325,44.9320566881075
326,2580.909350299259
327,594.7411771124443
328,19.11093663902354
329,47.664301642462185
330,1505.7778546188845
331,2520.9551768277506
332,1152.9810305312312
333,1945.4266235713592
334,145.94516414427915
335,2060.2204696675203
336,637.8623902866701
337,1063.0795178016995
338,1237.4061465587763
339,2430.0301168074134
340,1455.7296229524206
341,2694.1235597330547
342,1179.196348919032
343,535.405497701754
344,573.6076597048311
345,316.9038876930037
346,88.73694461067197
347,1946.5703869284216
348,1895.5091525162527
349,852.961391991795
350,88.8637938409566
351,1375.8622807768763
352,574.0993659488648
353,1076.7711884700987
354,1429.5787624875966
355,60.4382755134292
356,828.8028842174859
357,395.85525821700907
358,1225.8736174357928
359,1952.2942713958091
360,891.9743523877136
361,247.36768623235753
362,709.9981815421946
363,23.42744268230638
364,956.2603956879392
365,944.7054008896062
366,208.77155970228878
367,1454.7543444135108
368,84.14154995860245
369,834.6545519523721
370,67.39921223336044
371,14.313117054219425
372,1220.462340650937
373,24.67207501242328
374,1284.3744432906476
375,2268.493858860294
376,2551.096122823518
377,1435.004002121863
378,1871.1574461982661
379,1637.0988152232028
380,1490.9394593544712
381,1634.9390441351527
382,12.722668110020129
383,2392.604372705354
384,364.009655667019
385,12.37714807132256
386,2116.1591538677367
387,890.747043437443
388,1073.815789687822
389,12.398725331623892
390,490.3238033318897
391,617.861657431973
392,1515.2794954505537
393,40.76960205553681
394,944.6091713622026
395,968.0596221505419
396,1042.1138123879282
397,565.6210933103803
398,13.932811873830504
399,2172.1701332955813
400,2417.262038220028
401,214.51928180323338
402,2277.3536381316158
403,729.8626745158298
404,2206.4901422196904
405,2398.4554051645046
406,390.94812717798504
407,967.2715067864838
408,124.57747740663315
409,1734.665770727125
410,555.9753397073517
411,413.17924550909123
412,2519.408338068394
413,1398.2287627460198
414,135.04870790935982
415,2245.6310844971727
416,126.76866638635609
417,1063.0429237436454
418,728.6557575913299
419,2373.068243940631
420,2366.3877957348946
421,1943.0115475557739
422,2694.255066007131
423,502.77661223760947
424,1791.6490654726522
425,224.20109977050245
426,696.0423016509225
427,791.6718435123943
428,2560.4715019793234
429,1177.585566678794
430,1567.557487866311
431,1133.1431449263127
432,469.2385864008825
433,2884.2591792787566
434,20.17706441431449
435,553.8988048533511
436,1444.3880770388541
437,945.2420792603335
438,51.725600151552015
439,142.86261883996733
440,1826.2808370902703
441,1025.924598881532
442,559.1452353138844
443,2205.394726250682
444,1094.322863042052
445,35.942029083981076
446,295.22623963099426
447,1212.730679961209
448,2309.115191083994
449,1524.9949684333633
450,12.56358704301192
451,2576.21779050712
452,586.5599878238612
453,871.0121331710292
454,44.37042406474075
455,665.6090962166626
456,1195.3626408660105
457,407.60570603412776
458,1608.7660435196465
459,71.16193202528113
460,1515.4377062283431
461,965.0721833540823
462,135.1902893123204
463,1831.1073144219972
464,894.0606744150331
465,223.3317304463566
466,181.43248194824025
467,11.095384166298919
468,1138.5597505077383
469,1121.274157872578
470,776.4105211563614
471,344.0261185986448
472,1730.184439007534
473,110.87872026496943
474,1632.826485340669
475,865.8126884087246
476,2278.725716586138
477,1664.8862914190465
478,969.0274613806628
479,34.00799889922087
480,649.1824760026294
481,144.32629122359185
482,2100.1601687639195
483,2120.583014151113
484,533.1546659538885
485,338.1947184780767
486,39.99799803401614
487,11.095384166298919
488,15.156093528476541
489,2234.851447543006
490,1640.0439183625674
491,738.1548231511929
492,2292.8440283416617
493,632.4973895124443
494,332.930168103876
495,1319.7189571918473
496,86.17079289606188
497,14.638052856507207
498,1007.8322474164905
499,2451.8546988888907
500,198.31027212825742
501,2027.9997665116196
502,1138.6660369418898
503,27.816611533145323
504,1039.5712884337609
505,2376.805928727626
506,132.60871370756556
507,1015.2242047851311
508,1220.0818899909832
509,1580.217288465569
510,2241.7121256854825
511,11.285408608419848
512,1500.4680706337297
513,75.17699614119384
514,327.3403591125859
515,2722.863571646901
516,246.08699392146582
517,355.74552687397994
518,191.55101598599774
519,626.1134754654241
520,246.5957903492978
521,1648.2340574283007
522,2617.0048681017724
523,2211.6990961511096
524,2557.324546417114
525,1220.1900128307223
526,2409.2685678462417
527,1799.8834024207529
528,2126.6627099684374
529,35.489425381577284
530,2331.9837432978934
531,1957.7404773757778
532,309.2723259973215
533,81.17704445705114
534,2316.605582615102
535,1406.3553455698877
536,12.770897328656693
537,2557.6179330866225
538,24.95460546100126
539,1780.5400832816931
540,1441.2974245820444
541,696.2679362523705
542,554.6261268815302
543,1806.2209994533575
544,3149.9364401755333
545,516.7822195708676
546,539.4138781583371
547,33.68145857450363
548,12.63785343912584
549,111.00707713433411
550,785.3114515731577
551,206.89207585543053
552,729.3067103897157
553,863.6180561656288
554,2907.7603618111157
555,12.769372794488651
556,1170.7733333464137
557,156.6290240420586
558,2861.295076056657
559,936.3276096887681
560,398.6327867716023
561,14.901823112504283
562,79.09192879641675
563,1892.185224958573
564,747.9539748012538
565,2692.701170954799
566,549.6568599452088
567,2347.5903996459438
568,1849.9105557366672
569,2344.6033334690187
570,1678.986204977603
571,1856.039399290534
572,1802.279827621852
573,40.16335910406917
574,49.703521262103095
575,1736.5691284504398
576,2315.492302085521
577,487.1479938368818
578,1193.4086246330864
579,374.6901547913346
580,550.3435133741183
581,12.762977313946697
582,1804.9747892401795
583,364.8925624127462
584,123.1341734252324
585,1555.8196385371411
586,2751.498519195027
587,1142.903597853935
588,2094.566232318933
589,818.2879147742757
590,33.901806748343006
591,1198.108746952328
592,810.3475828654528
593,417.1002198702569
594,143.48650927127105
595,48.14582387060648
596,12.854397182697243
597,2036.5781770324418
598,600.6605573101551
599,1054.737565240838
600,157.44289006721968
601,2290.6772197872247
602,33.517135152503606
603,2109.83719420026
604,68.72135708604641
605,783.0142064013277
606,18.206575427689064
607,34.112681742564284
608,1853.843722640799
609,193.9610527313387
610,182.03857287119078
611,93.39564725049866
612,767.8823383238101
613,898.5224810928513
614,204.57350679811566
615,1522.322961339092
616,72.8553119390936
617,44.60122092182905
618,17.06826517635528
619,367.48558066081154
620,2335.9501631354506
621,2536.2565749832006
622,48.3532053817359
623,554.7461942995138
624,2056.0730254109635
625,553.5113659993328
626,1793.8723245712838
627,790.1872890928057
628,121.9833764294109
629,2332.2614714936276
630,80.22879583218325
631,563.3474437456092
632,935.6591538259048
633,1393.915720947122
634,2006.0121968835374
635,720.3016081822435
636,2647.3612044892575
637,975.9256287038196
638,2891.0332431651696
639,1846.5876151117036
640,35.08682695363339
641,186.3117756148447
642,1508.7884904907962
643,96.01483567708938
644,458.78477699347746
645,983.7165638723212
646,918.0693615834435
647,74.94986018804441
648,2920.4151859144004
649,1336.7629320233218
650,189.54720830694097
651,2738.287785355969
652,1943.5961871211273
653,118.07689080768553
654,277.57734393111326
655,65.6692117574175
656,2503.5128005581696
657,1500.8472767626963
658,11.285408608419848
659,550.7377494940708
660,1356.375170251208
661,416.6448158299441
662,2559.065727522584
663,161.24946721435091
664,1492.07945331127
665,561.8395895322847
666,2219.8732795893434
667,2022.4691731852179
668,466.16043159153054
669,1329.3581112258619
670,47.65788214621887
671,255.2272771921713
672,1084.4871848468013
673,222.775071150337
674,2443.072817904553
675,47.041823847768825
676,1158.6993819455972
677,509.27519665121963
678,1782.9761513045312
679,380.29791702051807
680,627.1476958417469
681,2926.4302319978065
682,1843.0346669445669
683,1286.331347368342
684,55.97582563111504
685,191.37817097264818
686,2991.0470234111904
687,2745.0088165030447
688,95.4707079403546
689,185.71530399906274
690,122.88154808507267
691,362.1555837889132
692,2050.7993077529886
693,751.2480469424839
694,344.11089464625474
695,1849.0061429862033
696,2769.9766030651967
697,1907.5224491792458
698,1120.5180255163725
699,12.020103885026364
700,64.52291981409932
701,1241.8038026808686
702,661.1688070868531
703,173.11135325759264
704,1988.4681717752837
705,895.8849836448085
706,471.7244999833227
707,1950.1792153477363
708,733.7445323408652
709,2108.54204989724
710,458.8188080889895
711,1511.3200717423942
712,217.1245680487864
713,1859.7509644022975
714,1091.7392877689072
715,1700.5136152778384
716,789.3331565025543
717,407.36731698453826
718,195.8408534298604
719,2015.995354890838
720,211.96332922575007
721,75.9346895285637
722,441.8894481503352
723,2922.5967611297747
724,676.786167890993
725,2800.033888768266
726,1901.5733174288598
727,2027.7048804045924
728,2183.2389704538914
729,2652.8574667628886
730,2013.4068794673651
731,2924.911857829519
732,1575.4667626611745
733,845.7044669284105
734,779.9405872075353
735,72.32426949926689
736,235.6065036112914
737,631.1057488739397
738,2159.721389693745
739,1419.296271637734
740,1343.3498384244206
741,1845.1606524668998
742,888.3641584270794
743,597.9362042784195
744,63.808343786633905
745,2428.3702472238488
746,2586.7847172522543
747,2506.0258718994805
748,46.36139278868078
749,1614.1758175182356
750,2825.398890661787
751,732.0331934037177
752,2128.7116364745793
753,2358.3535684069993
754,825.3399593262963
755,850.1887261003311
756,789.1734260604399
757,1102.6556526005625
758,613.0099323172852
759,1977.9836978039855
760,485.34450545617693
761,66.34053246031506
762,151.35568170386497
763,1672.2743322900642
764,363.8769693819547
765,295.73074700760634
766,1803.2984617706345
767,206.76910421069465
768,132.64304028289624
769,373.75053807423046
770,1142.8342662901598
771,989.6398549437149
772,70.98683007425603
773,1435.5031736865342
774,2475.267361272722
775,643.6669710093411
776,2077.7274939005547
777,493.3487154267729
778,1866.832446469806
779,384.20083667949206
780,2075.9802315000193
781,1936.3461476276025
782,785.0085011662072
783,751.4422477279928
784,244.25479230709928
785,140.6436044754998
786,1436.3189672574692
787,816.2107231988815
788,799.2382460394957
789,269.24783943454156
790,39.33599635330918
791,2651.8936045133432
792,1043.4726023108444
793,16.198372416366663
794,81.73411706388404
795,631.5209552734531
796,635.4029609752816
797,130.61059915399815
798,616.6018013521204
799,2613.538189219993
800,2534.1676396580756
801,104.19486736038124
802,199.57344821574998
803,567.9065698638209
804,1758.469260230503
805,79.80030985963923
806,1469.8245188012654
807,2368.45333754005
808,2772.5858799419916
809,285.7472386595131
810,1877.86563726676
811,1294.8046469241783
812,1159.9958698680541
813,1719.7373493702974
814,2169.565825032292
815,165.56663753555756
816,1214.6127929984723
817,1962.9850691852196
818,1907.1877235632737
819,2633.491288365184
820,1549.4472445784402
821,1566.198695363625
822,1176.0984042595644
823,2120.6201997571557
824,341.59902948966106
825,142.5704936903414
826,1808.0537128368396
827,1181.2805394665888
828,1490.413454514096
829,489.46241838667447
830,493.9434874138345
831,2839.2080348770774
832,2210.115723916504
833,30.684328337202786
834,2135.6296158918044
835,1090.463316463053
836,296.03615500514564
837,219.91416916641927
838,357.40340815218525
839,317.20329358139855
840,121.55118418711466
841,1310.850223285104
842,1200.1111030051925
843,609.9672019881764
844,124.2309101797166
845,943.4562996158038
846,1269.1668169656657
847,598.2935904675959
848,34.904392070001364
849,781.605983671085
850,1151.4543152072686
851,782.5633158204547
852,360.56784173251964
853,1162.0630345205866
854,517.2994821757707
855,2616.7655695148
856,1068.103330334524
857,2700.5438696447204
858,1356.8646865817407
859,388.27954282489867
860,1861.591268343382
861,2401.5222660447084
862,2317.5873835795087
863,435.06963820210075
864,1021.0672622313532
865,2327.2441620559907
866,1561.2531784478463
867,2095.695308591558
868,1134.7628563601768
869,120.92501880383021
870,12.722668110020129
871,140.23760033181182
872,938.5209762000733
873,495.2054520570676
874,677.7850143109285
875,1883.594647920612
876,759.6139250386126
877,45.45031131585181
878,2780.679425984405
879,876.6635381328146
880,2588.53222107478
881,2609.7760535209586
882,2830.2446164281214
883,996.1229369430976
884,246.13091248292076
885,226.35423987166732
886,1157.1069905878394
887,731.8366317693107
888,203.00524115063806
889,842.6025395014457
890,2192.301896220293
891,2878.337592208192
892,1312.4154705882297
893,2332.131269996225
894,1476.5160974685452
895,89.68011050848037
896,1481.6493429471946
897,1774.312452908548
898,1285.2462083146197
899,394.4377889896141
900,688.8775495036751
901,445.78243659346685
902,740.5383806704978
903,798.8687576430602
904,215.41977169502013
905,2929.8375547410074
906,237.56590729371783
907,2746.9592572021807
908,2854.5791008398196
909,439.9322860825655
910,1879.4173804113918
911,1845.7210680373773
912,1862.135619160331
913,116.01212725301467
914,809.9398285368088
915,212.57174793312257
916,1385.7221035056675
917,43.35298834658027
918,12.675325610937165
919,30.461468253051635
920,2225.4371091765715
921,552.9879871610265
922,1611.6308241077097
923,552.6761183654926
924,565.1115573161061
925,2272.325296018
926,2467.720345873932
927,2044.1634924864054
928,1423.4206095897828
929,1336.339296216144
930,247.97775009666532
931,2623.621840376089
932,489.7539262579958
933,47.2053883500108
934,55.059629231291545
935,249.5527897631002
936,1832.809437354594
937,2173.522718167378
938,263.13929042821877
939,1681.438441074366
940,26.526368682610492
941,1083.3465440513885
942,2352.7502579500465
943,2358.3758927036074
944,159.10433005137222
945,405.75816205243336
946,963.5758329937452
947,75.63668675636599
948,46.518248976124006
949,13.927915772674083
950,484.4079269755284
951,2087.9315824830087
952,1640.1482980906737
953,203.7166212456182
954,486.2423665489525
955,683.6384498220524
956,2284.9411273331734
957,1012.534917508972
958,1123.2639850091898
959,811.5013429014975
960,306.6378936922072
961,2339.1074764069967
962,2867.0834405260634
963,2549.287017091727
964,406.22526465723854
965,1534.2490199196388
966,2415.420999695649
967,2193.1377594937517
968,479.53602464885006
969,317.9464377836705
970,1024.2110764452843
971,2152.4751322549287
972,1962.2392695317733
973,38.21422961517319
974,1739.5377245183852
975,1636.2682066807483
976,1316.6104864855474
977,2970.368526369773
978,2139.1389035311345
979,253.08835459303987
980,2220.9389531548545
981,2557.273781309839
982,800.6592873725061
983,1473.870291326302
984,1247.096650593406
985,2030.6867808659626
986,439.0460781624629
987,1709.5972060450504
988,195.69724874515012
989,242.47357394829643
990,206.58994064502545
991,342.1298861038052
992,945.2992306417142
993,1220.3113990517554
994,2144.614106648121
995,12.020103885026364
996,925.4561088425748
997,2377.4653567380738
998,112.00175061686694
999,1845.671233128518
1000,1952.0060845940536
1001,1226.374292601364
1002,548.3042992925406
1003,22.457704653292012
1004,1529.7476111246006
1005,2882.089852567877
1006,1716.2295743537532
1007,2103.024785136733
1008,306.83335510551166
1009,1451.1403879088068
1010,443.9461028138084
1011,1750.5290929266766
1012,1455.7388268176758
1013,2688.4066913584084
1014,18.054609916104642
1015,556.6452247473079
1016,875.0465396702508
1017,1351.0549977819455
1018,87.62423591359847
1019,71.091393479244
1020,2499.819969359955
1021,1592.87841794271
1022,595.9175377833144
1023,2480.509229106882
1024,14.30503791805235
1025,173.94860092929164
1026,1356.5332947047384
1027,400.15164844519114
1028,2164.905569181947
1029,58.123282479979004
1030,2555.5179301898042
1031,230.72457358613318
1032,1734.6857612539172
1033,2578.547653688188
1034,42.11347893458362
1035,3108.325348236837
1036,562.9288406337482
1037,2245.330634720434
1038,837.4005024993861
1039,1700.7650909468018
1040,30.19361776587373
1041,1812.026247746299
1042,1777.7366707279507
1043,2105.7674826515054
1044,117.17653788049203
1045,1016.4355775433523
1046,973.93886170945
1047,571.4922460007358
1048,611.7160799282282
1049,1994.621642906185
1050,2493.543100576458
1051,156.9009632601526
1052,1616.7499318080643
1053,1829.4227047476352
1054,2606.215582904335
1055,1623.332017689486
1056,869.053346273798
1057,2560.619981056647
1058,1343.82314808563
1059,38.15944338296804
1060,142.5738296340405
1061,76.32850948963274
1062,1079.1221323913994
1063,473.16288888824306
1064,512.3288599999507
1065,434.4802324318776
1066,61.610463798060096
1067,1267.5408591359726
1068,935.1819184056709
1069,511.3495926348087
1070,2145.444475518301
1071,860.7465582722257
1072,487.49889998820504
1073,2460.403580652343
1074,946.535735518602
1075,42.00879748945572
1076,265.6029007182865
1077,11.405343277533708
1078,799.6876103470604
1079,2569.206776267823
1080,2364.354768334136
1081,236.12594382416094
1082,90.34002145846007
1083,1051.9629553118305
1084,147.98270674465985
1085,60.044148859613976
1086,752.9503118119974
1087,12.020103885026364
1088,1970.5763483066269
1089,73.37478537317342
1090,1558.0028797530024
1091,15.88731224668596
1092,40.632707315885206
1093,87.43867530772093
1094,427.8277997438334
1095,2003.3206263526454
1096,1406.7914729782842
1097,2467.4041096283067
1098,2555.0570628804235
1099,17.764630183124044
1100,1940.310119860812
1101,1833.8407148056192
1102,699.1687799651854
1103,1555.8462667535193
1104,1768.8362420663964
1105,1798.9843144608192
1106,626.6618855026559
1107,2038.6068855414662
1108,2065.97700240665
1109,1533.9264193505117
1110,956.3510070985664
1111,18.010215208769534
1112,2660.661139107323
1113,2733.097857912333
1114,64.52397481493854
1115,28.358061434687105
1116,842.3887174917909
1117,2183.275444162233
1118,1454.995202837464
1119,114.60264482039786
1120,1962.071697929626
1121,24.27262890231106
1122,26.76229924349275
1123,2012.8203959228583
1124,2292.3428084033208
1125,14.734552017495092
1126,36.41773387550794
1127,2826.6307258299653
1128,215.85718571493055
1129,2120.139719352194
1130,1058.6483983382386
1131,1428.5366730517514
1132,31.928144905033147
1133,1733.1979993502964
1134,737.3117975671763
1135,2515.607646740051
1136,1517.2300708643772
1137,485.71621390203035
1138,262.1309609291257
1139,28.081199841004594
1140,702.9679459575328
1141,1127.0862818273401
1142,725.5664262134245
1143,504.2141417558819
1144,681.8049376416378
1145,153.06555043730796
1146,429.9663987582359
1147,72.97198359185147
1148,2646.873416359555
1149,990.0755249105646
1150,2306.7458002898134
1151,346.56124763946826
1152,1831.785609965704
1153,43.78814940926986
1154,1069.7942742031034
1155,1081.0446973302508
1156,1400.0110835279381
1157,2534.231036046518
1158,1172.7852808083926
1159,2844.4275181984945
1160,2046.9122936100757
1161,673.7363775587988
1162,596.4965137615658
1163,242.57157660332427
1164,2115.3518166430404
1165,148.4550855426145
1166,689.3696557148551
1167,1172.2197407495182
1168,1425.0042428072982
1169,1507.1797428586212
1170,2438.3199585544116
1171,1276.8977293710643
1172,30.84122006089404
1173,1330.4090693107098
1174,2264.8582485456186
1175,2560.204083173363
1176,1638.371962274763
1177,268.409480382258
1178,1859.985009701698
1179,382.8573069903746
1180,794.0808975465952
1181,1376.4271026055285
1182,96.37086715894993
1183,63.02501488088609
1184,123.67265292706391
1185,73.09235249375006
1186,800.1359670530082
1187,1480.0772773238439
1188,917.1395253977544
1189,1011.0500020172759
1190,1887.9684573750158
1191,921.3710000401571
1192,1149.7892201592585
1193,631.3687894654598
1194,1442.9312251270603
1195,1329.3808730271137
1196,1228.633947862328
1197,1641.4046175941032
1198,1350.4154409829016
1199,409.92403979775924
1200,970.3233632742541
1201,11.285408608419848
1202,785.9720557548516
1203,1080.126474009674
1204,2103.2448671747666
1205,2413.890360007741
1206,348.2087347468041
1207,109.14576570866406
1208,1749.64428019366
1209,2435.4066381476537
1210,85.31635276624749
1211,518.3192279827607
1212,799.5452889304661
1213,1452.7575776827046
1214,1406.2240738231194
1215,937.5174703670646
1216,836.7160502869657
1217,2534.9532078531656
1218,2611.059006220881
1219,837.6759757884626
1220,1419.7886265890863
1221,714.7088139226171
1222,14.682025440780933
1223,2814.9308447575163
1224,1443.1837934680254
1225,1880.7799794272435
1226,882.0388586091221
1227,521.817232197482
1228,2600.1850704277385
1229,1073.8130041352445
1230,379.7634304684264
1231,1489.529265677562
1232,309.7178635730816
1233,813.7532749069891
1234,36.80168917536673
1235,1115.9684784416006
1236,796.5921770088797
1237,177.03730086779288
1238,3010.3593075604063
1239,29.372617544223147
1240,893.405411017858
1241,103.38711115429436
1242,2527.9284444797686
1243,975.9614746521265
1244,91.2137384326943
1245,436.2731759201047
1246,805.8392699269243
1247,56.686872729555574
1248,947.8755560029039
1249,295.9784458497659
1250,107.05882313171372
1251,1986.252512268049
1252,297.0993765832225
1253,59.82962330561221
1254,2732.983218404274
1255,11.095384166298919
1256,12.7940261888417
1257,2408.65428823263
1258,1426.3293737306205
1259,740.9781687281323
1260,1033.084882467164
1261,1134.8978106598427
1262,1737.5589550056666
1263,740.1206538246082
1264,2878.9851314714747
1265,1509.705293054439
1266,2182.437001192869
1267,1121.1422774174098
1268,1554.483255060439
1269,2247.999335114796
1270,1421.4165419921328
1271,1754.4559774626068
1272,262.722479955403
1273,221.92568385396032
1274,1776.969673420346
1275,1808.429300896818
1276,1713.0359655055988
1277,1909.3156571954078
1278,12.56358704301192
1279,488.50613916065566
1280,1551.570792741827
1281,605.5409549499653
1282,1050.399281801844
1283,1672.7997109932128
1284,422.9593104543108
1285,799.9722449023884
1286,401.1910159391726
1287,511.6509536894564
1288,1818.0566678711
1289,1062.3278191489362
1290,481.2679774118485
1291,51.427693026725215
1292,1920.746510573624
1293,1044.9907009049828
1294,577.6440807392851
1295,30.023523331087162
1296,15.374214852904666
1297,642.4244131268814
1298,1684.0729796533578
1299,3057.1682006088645
1300,1433.6196032988591
1301,118.85925608361964
1302,2225.3349711496667
1303,94.91933413969555
1304,165.99353256337892
1305,175.5404921031004
1306,2518.2304301262034
1307,1947.659030990102
1308,62.148951160962135
1309,1868.992494370971
1310,117.38735834585088
1311,2293.0411855805037
1312,1303.4513875091545
1313,521.9003771772798
1314,2906.0104414161087
1315,2703.791315052906
1316,2351.3596882575844
1317,1558.1297223895629
1318,62.72115087427036
1319,2376.3092163393535
1320,1514.9772454220465
1321,649.2231102316214
1322,42.11833400167021
1323,76.76475613385948
1324,1312.7770949990534
1325,86.24664542957935
1326,961.0581714199429
1327,305.77477941990486
1328,1101.4103898909377
1329,1209.315786486895
1330,564.0764501173189
1331,20.55666651777594
1332,149.5319701466043
1333,1158.1750254070682
1334,1701.4457647750896
1335,241.86524566591712
1336,392.8419387851195
1337,290.2911237941521
1338,1240.6147335349008
1339,2409.6543160483266
1340,694.3613635550668
1341,324.4503975692137
1342,1221.9082215694525
1343,1633.9498943382744
1344,108.17715944665245
1345,473.8690399908148
1346,1504.8940396010305
1347,352.3098135348643
1348,51.92431152673051
1349,60.11893724639006
1350,2954.652606910771
1351,1893.8892063559933
1352,104.96580102304266
1353,21.035568030997126
1354,34.21760454603268
1355,173.6945641823496
1356,2257.676383447173
1357,1535.3856302054512
1358,253.98233290398275
1359,95.1326763201922
1360,838.1013647540094
1361,1843.153774239472
1362,296.21114311835464
1363,1649.973730688372
1364,1215.7175467230595
1365,189.50256189928766
1366,11.095384166298919
1367,3012.6145766308564
1368,2092.0581433932025
1369,1382.2660894341795
1370,121.32374714732299
1371,202.30263431353765
1372,244.76604242565546
1373,1649.3716089975442
1374,1434.3777308813767
1375,3013.7884445950876
1376,384.42261439810244
1377,87.75942974830794
1378,226.5707434079708
1379,531.6991399453447
1380,34.37073271010858
1381,844.2846497599348
1382,319.9770817346784
1383,309.60251764949226
1384,441.2521224147226
1385,103.03879454904568
1386,748.3586259343195
1387,2638.295353616128
1388,2462.487391543963
1389,1306.2611661863612
1390,1844.4960657464374
1391,2204.8819502487754
1392,95.88204222389892
1393,1673.3179543957895
1394,48.719721412664676
1395,1578.6298437777111
1396,2398.1060515703543
1397,2750.420701493918
1398,185.13117777491365
1399,1449.5884104598078
1400,192.53391020321405
1401,2001.79020027127
1402,632.6510503606179
1403,770.7971504691877
1404,532.4257383762566
1405,621.9539813242277
1406,50.00160022295648
1407,886.6062781109309
1408,1413.0143472155141
1409,440.32943729730096
1410,17.465448574162327
1411,45.75356116693094
1412,1868.7033863434945
1413,1985.169125301005
1414,1826.8971860364509
1415,1517.217704345522
1416,292.551049153018
1417,3032.7911605557547
1418,2681.8120879706194
1419,193.33492632469174
1420,31.164393380822506
1421,252.02778009011362
1422,2485.2741906813376
1423,738.4487826796963
1424,76.15143316978549
1425,1533.6860081848038
1426,1924.3828016768775
1427,187.50499658541995
1428,1264.8635489884634
1429,1082.9837273288379
1430,1402.1234139039923
1431,1499.623372457192
1432,539.0587450593721
1433,124.93182526755008
1434,1149.8287934977734
1435,165.41648577266582
1436,533.188560359248
1437,247.65349301704802
1438,1933.4658784074998
1439,457.9764006796177
1440,1783.6982513913506
1441,616.8080184778379
1442,2356.369727176126
1443,811.6736343063363
1444,789.2948170954038
1445,403.6093561911918
1446,946.6327428190571
1447,2451.851671766656
1448,413.91006490296223
1449,24.638392499195845
1450,67.47777094165177
1451,903.433699713668
1452,2059.936749557562
1453,2719.219500535737
1454,1639.6383510729363
1455,952.0746301349881
1456,1206.7001084536762
1457,1436.5180130050542
1458,1342.4536252956507
1459,50.463591531801704
1460,36.77775326014195
1461,259.30280165120155
1462,3111.3467137077428
1463,1067.1958223910467
1464,2926.8128714729405
1465,83.52157549015165
1466,1665.1796221883624
1467,323.70972014156837
1468,81.98566839376733
1469,2706.023141088141
1470,16.2162323289863
1471,1189.516404425739
1472,2347.6683820479066
1473,2916.468246382115
1474,1653.708869450986
1475,116.76321032951637
1476,1062.862468026853
1477,11.285408608419848
1478,2481.7406121363238
1479,1603.2872349128477
1480,1288.4839978105854
1481,80.15248311988374
1482,1674.5865874143237
1483,115.36662100511039
1484,914.3677191932347
1485,1076.4441279745904
1486,217.20224389052837
1487,83.18449303375706
1488,2770.9251927874634
1489,2049.8384697899346
1490,88.76637028684526
1491,570.09009981684
1492,3010.8556922021685
1493,418.7990527542024
1494,1128.5473093179235
1495,138.06968164997699
1496,258.600467885206
1497,1211.4188152637273
1498,687.8747255346912
1499,1512.957336098563
1500,1655.6493095106441
1501,119.94710603163684
1502,1697.4076101523976
1503,29.960202269697444
1504,152.6270220988358
1505,393.1370310171697
1506,523.8418653745555
1507,1364.8533794016892
1508,2446.010146577266
1509,1163.6730139910724
1510,2567.234043166319
1511,103.71360570947421
1512,2220.1589918026193
1513,216.52052393254937
1514,1509.3745223500503
1515,569.5080150136924
1516,160.03832627658164
1517,39.22140321771422
1518,979.8835239375175
1519,23.30161363291641
1520,421.2826208905144
1521,2643.4851368310033
1522,2425.08649721846
1523,106.63167062997223
1524,2050.2598827363363
1525,1353.5416784494007
1526,1132.2413584201336
1527,1059.892190373285
1528,2397.6595243020947
1529,435.88017540883976
1530,1149.6219597243314
1531,899.5057498543935
1532,1820.0802215163828
1533,660.2592337040915
1534,1503.6984478329607
1535,1615.5936472701408
1536,1423.2552269468977
1537,284.5119910750029
1538,289.4017891308588
1539,126.46046126054762
1540,1146.5887632697022
1541,909.3206168596276
1542,240.45791940662616
1543,115.75215659746677
1544,491.15732689532
1545,22.99563994067419
1546,47.45582172144407
1547,471.52454427465
1548,589.3123638991248
1549,760.0685722976996
1550,88.16546804706064
1551,2280.446794646587
1552,2670.1862225305704
1553,52.77660037608143
1554,481.39603331312486
1555,385.83461281467316
1556,127.14937437885546
1557,2519.384419590824
1558,1779.686593421484
1559,432.5375084953068
1560,65.4187461559528
1561,375.32416593447846
1562,1381.7141379930242
1563,20.609316236494504
1564,30.519857443510386
1565,1221.3005419661492
1566,2437.725004611642
1567,2085.0059049247097
1568,941.5251124545183
1569,67.43857164452162
1570,2627.2747014255287
1571,504.99542439507695
1572,171.1615480154651
1573,1317.4228846303176
1574,2828.3020590649153
1575,466.0742573669792
1576,442.55147739943544
1577,2504.150849112816
1578,15.156093528476541
1579,783.1888104724809
1580,1747.7893433113486
1581,2264.642614939734
1582,2298.7477523834827
1583,12.943617780692426
1584,157.87505154103653
1585,1964.009013314752
1586,1671.930312660362
1587,302.4412664089644
1588,780.8510628386099
1589,422.5357439799375
1590,2147.244639313832
1591,1082.5195249373235
1592,2239.4281015935635
1593,114.16168380748195
1594,2811.322687296435
1595,222.99275609645272
1596,1340.641127689342
1597,1272.031471613683
1598,1127.3963135620982
1599,16.476862019691655
1600,2268.7396155343235
1601,874.8916714724859
1602,238.28039651659242
1603,509.54324739136814
1604,761.4416005177205
1605,2509.091543540842
1606,475.97120883402613
1607,803.5517971095242
1608,34.02365237128688
1609,931.5298367653446
1610,2238.9091480050006
1611,2123.824653366233
1612,964.9949438095758
1613,1492.2693892695036
1614,993.7147512624224
1615,90.11786217978187
1616,1008.2876899240295
1617,545.3489759794546
1618,246.89213558280343
1619,81.91088487066231
1620,2244.3631671236703
1621,36.82656038392635
1622,211.8103683471589
1623,675.180183335573
1624,901.8903477097991
1625,1689.7980831445564
1626,1554.3480068058698
1627,619.1306748451465
1628,1712.9489568880952
1629,107.15082323122755
1630,53.57290920711563
1631,1972.0758093178447
1632,955.7768300221047
1633,33.525715601498085
1634,1306.1945329829193
1635,1526.173863975464
1636,2091.410848002015
1637,174.26887023690657
1638,256.62412353474184
1639,929.6080559701841
1640,333.67017145294216
1641,114.52613914118683
1642,1078.7370841118736
1643,2388.9314724050178
1644,2383.1374460951574
1645,86.64736122994482
1646,722.2776711657658
1647,816.5961367288913
1648,1025.0848897389508
1649,1729.9329909300577
1650,648.9768474848771
1651,1660.3273027987022
1652,1690.6039697088627
1653,188.1532794703902
1654,315.7914740627539
1655,2633.785353311489
1656,146.8875418178477
1657,951.0040863098315
1658,78.07322792078331
1659,2708.7709333173157
1660,1192.7845255657046
1661,34.280717705874615
1662,2279.175703035355
1663,172.68376421409798
1664,1410.661487036935
1665,348.77792096725625
1666,640.6603127818233
1667,1100.0439950136279
1668,1694.5286730835007
1669,1870.371783025147
1670,2299.916843701392
1671,1943.6012755530362
1672,46.91077104329394
1673,372.6827617006893
1674,45.73549946291536
1675,2148.7098831933713
1676,140.33704341799674
1677,2370.77937368763
1678,410.718798810965
1679,867.30188403476
1680,1385.1086481592738
1681,48.99885482312883
1682,2332.2307016102664
1683,562.7364233636782
1684,123.6436724185004
1685,855.3107105431949
1686,1557.0490046020086
1687,1250.0396577734584
1688,2839.258232418644
1689,715.8781273774065
1690,2276.3967011605323
1691,329.8742476782136
1692,2178.7368203306833
1693,1236.866362687725
1694,2885.814830211501
1695,434.06600819508185
1696,233.28258976882202
1697,123.56374000875066
1698,1762.6044759138922
1699,118.16749599182312
1700,810.8979902283783
1701,479.36487458690067
1702,411.0006788906888
1703,137.05130036274784
1704,207.97348031517527
1705,15.957072049898636
1706,2213.461603028382
1707,29.06488736884759
1708,320.9702173044777
1709,1948.412955515162
1710,1394.3728298797305
1711,1709.7903730512007
1712,1996.4328550294379
1713,483.0215310322016
1714,2644.5571492839067
1715,723.5923131315
1716,1069.00614545011
1717,1006.6007590328162
1718,470.588175286988
1719,1863.7836680926696
1720,22.770274806451734
1721,1552.2367447891195
1722,2509.4240742250663
1723,35.5919472046177
1724,140.35761060299572
1725,32.457153843058876
1726,2816.045578837739
1727,1698.4156593109112
1728,653.6823708282855
1729,596.1669640330489
1730,897.6616509473364
1731,341.4164516338549
1732,1930.227733952658
1733,1011.9017461307903
1734,1853.5980973072617
1735,50.1604542978127
1736,696.0314726347175
1737,588.3353427925499
1738,947.3170996845106
1739,215.405506565636
1740,750.5320353504293
1741,1276.1409411170387
1742,1339.6483579287733
1743,421.38705013048593
1744,837.4009300464428
1745,508.02185429261925
1746,288.2531120190449
1747,1152.1673935011017
1748,2195.7915547678012
1749,2328.855820357052
1750,1434.4650998490972
1751,2602.2200776483573
1752,1670.0342277009042
1753,26.819103724525267
1754,1972.0340249342973
1755,1304.4079368246212
1756,2911.3695746547346
1757,406.741142412074
1758,963.3005136359034
1759,1573.902745790484
1760,281.62782310562784
1761,218.67995545477285
1762,2344.846930761131
1763,1391.3038150837153
1764,682.8589856377725
1765,1947.7296089378494
1766,2989.5970547375764
1767,60.55491794546302
1768,1291.0179330495703
1769,2496.650982916091
1770,66.21964863387105
1771,1636.1098212638371
1772,763.1812086479148
1773,918.0989311909813
1774,1094.7512133240245
1775,81.47696959149661
1776,184.73302347847348
1777,1747.4730047240225
1778,819.465725693547
1779,963.2356762972946
1780,1738.5840427632745
1781,649.6444550681409
1782,60.18159992288264
1783,127.02702132614463
1784,2550.0893118850086
1785,1937.4807609639959
1786,2445.9178552982894
1787,251.6872758109083
1788,1345.6934559394365
1789,1940.8100293971813
1790,1898.4877422103436
1791,1374.8321916078655
1792,1634.4956334577075
1793,510.3569050471983
1794,23.060666266242354
1795,672.9542310806629
1796,157.70514116814923
1797,830.7971680015561
1798,2343.704476342786
1799,319.8165748250474
1800,579.0213457310829
1801,1502.3008107364133
1802,1460.434698508753
1803,189.46629824017907
1804,824.8299090202157
1805,2174.5061326993714
1806,2837.4166363069817
1807,1755.356299066414
1808,1230.2015678235002
1809,908.5806421904663
1810,1147.3636608604336
1811,402.73805700813153
1812,985.2192929858303
1813,88.43031442041871
1814,1888.8214883435785
1815,163.83963424262012
1816,699.0635796340734
1817,2583.7391184685835
1818,1782.5405809708718
1819,146.60018468139972
1820,2507.640594659228
1821,1487.3972477558088
1822,626.8839832541879
1823,1733.7071912235199
1824,211.88013697815003
1825,874.4269402284093
1826,2576.7898758669003
1827,2822.2997651893215
1828,2545.331884209879
1829,1245.4174256833433
1830,462.11036787644326
1831,13.927915772674083
1832,1716.2483357793626
1833,1065.3106989907158
1834,990.1239698140425
1835,22.480464012324404
1836,355.710349772605
1837,838.8277729679334
1838,61.12869195257147
1839,2945.980488056168
1840,1336.5289386448417
1841,1267.0825500322692
1842,897.5038693255073
1843,11.793307709681812
1844,63.26514273576827
1845,517.1294986437689
1846,583.1525350597431
1847,1015.8438891546202
1848,328.3563741421999
1849,1937.3257782674575
1850,1115.9148471257706
1851,496.87252150286275
1852,1475.034929804797
1853,329.3405883945505
1854,71.0700132914208
1855,301.25939661811475
1856,1346.4251380844007
1857,2092.7359611987054
1858,592.8880911070396
1859,1963.7677579293706
1860,754.9012057301169
1861,512.5084131545517
1862,464.49239112261347
1863,2005.4129687842278
1864,611.8955858993473
1865,1938.4914746384627
1866,2240.7855428659946
1867,714.6854663894164
1868,1733.8933501721206
1869,1765.3993762402145
1870,2884.6981986629585
1871,2265.1207240498243
1872,586.923687335453
1873,971.0153329057653
1874,1455.543422073192
1875,2322.7999872385467
1876,2304.728582602424
1877,2691.1225638907054
1878,325.03572402891604
1879,977.2821034378115
1880,95.47033007263845
1881,1143.3500232414021
1882,261.1727309121644
1883,1087.1693835163996
1884,243.54252017644788
1885,1107.7901325481344
1886,1855.7368443420194
1887,2400.669404852635
1888,882.4790689097771
1889,1446.2643850008417
1890,1242.7271151769894
1891,728.8879108318635
1892,1993.0466517305022
1893,12.56358704301192
1894,26.030938792674544
1895,2660.8691581154076
1896,33.395721601936366
1897,1560.9103635676995
1898,1104.4322664076415
1899,1420.3741725627167
1900,1669.042358013734
1901,714.3337673536672
1902,1388.0796361973323
1903,1860.7960283954217
1904,1348.9306086836452
1905,83.371528786853
1906,270.1090791669117
1907,22.18670447829881
1908,584.0845622262249
1909,388.48297021237903
1910,650.9804011140822
1911,2848.5586942562804
1912,634.3079994963679
1913,1062.2737446482254
1914,62.33874569456324
1915,1972.7496492527362
1916,2869.6956810413517
1917,1929.612015777397
1918,1857.1562874569215
1919,138.19877493621001
1920,519.8109222922379
1921,1313.580515173203
1922,824.2407904301863
1923,183.46525159660544
1924,139.7449882180983
1925,2627.2011882996144
1926,2291.760958540446
1927,2094.1495483984672
1928,2608.564449212271
1929,433.67127510682457
1930,1870.8062473109428
1931,988.8466043436433
1932,264.56656587467086
1933,1848.4714138244708
1934,444.1147729360175
1935,2236.1916742595135
1936,860.5871110773363
1937,1707.673446629188
1938,2752.571964810335
1939,1505.7302501521724
1940,2350.804773419462
1941,471.6233231260309
1942,1236.9016393458603
1943,2717.550675666382
1944,1639.3401962436108
1945,561.5777003856609
1946,27.563508250656877
1947,1431.019323106475
1948,2232.842206412769
1949,1697.9981982071306
1950,1081.6048462761337
1951,1147.4785045858325
1952,49.143122555229915
1953,48.151489088297275
1954,372.74446484078516
1955,1919.1435455837338
1956,12.398725331623892
1957,1277.5956351519055
1958,1271.3332707780412
1959,1309.2205472055311
1960,87.28068190996696
1961,2177.627805615896
1962,2934.2219867662716
1963,101.56596709470203
1964,109.94362645234922
1965,1129.3430104895278
1966,541.0894716631921
1967,15.307891134858698
1968,1556.0107363125371
1969,231.33057005625187
1970,2667.6006273919743
1971,1855.5041680434958
1972,1508.5182319696585
1973,19.286996048139354
1974,2272.1818994244736
1975,1065.7440523955122
1976,865.1386555822243
1977,1385.6971769595955
1978,1872.5595128583889
1979,1511.8606070866272
1980,573.4169492602032
1981,2728.663718408907
1982,2318.7638174994995
1983,581.8661442925005
1984,893.2528016721013
1985,426.59321681362985
1986,544.1776247286319
1987,1654.5080246479863
1988,1352.5494753050834
1989,130.73060287498814
1990,1015.2138107013753
1991,2162.543256780335
1992,1314.361124100292
1993,949.9297845277353
1994,143.33732198433754
1995,302.4293973220546
1996,1918.7221104195698
1997,1001.019496118582
1998,1080.8191037516838
1999,1142.5289622869816
2000,381.9676817671011
